Epitope,ElliPro,PolymorphicRes,Verified,1,2,3
1C,High,1C,,C*01:02,C*01:03,C*01:04
9D,Very Low,9D,,B*07:29,B*08:01,B*08:02
9F,Very Low,9F,,A*01:01,A*01:03,A*01:06
9H,Very Low,9H,,B*13:23,B*15:71,B*18:01
9S,Very Low,9S,,A*01:02,A*01:20,A*02:76
9T,Very Low,9T,,A*24:82,A*29:01,A*29:02
9Y,Very Low,9Y,,A*02:05,A*02:06,A*02:08
11AV,Intermediate,11A12V,,B*14:02,B*14:03,B*14:04
12M,High,12M,,A*02:50,A*02:122,A*02:143
14W,High,14W (49E),,A*02:109,B*39:41,C*04:01
16S,High,16S,,C*02:02,C*02:03,C*02:04
17S,High,17S,,A*01:02,A*01:20,A*30:01
21H,,21H,Yes,B*55:30,C*02:02,C*02:03
